{"cameraMode":{"drawMode":0,"name":"Shaded","section":"Shading Mode"},"sceneLighting":true,"audioPlay":false,"sceneViewState":{"m_AlwaysRefresh":false,"showFog":true,"showSkybox":true,"showFlares":true,"showImageEffects":true,"showParticleSystems":true,"showVisualEffectGraphs":true,"m_FxEnabled":true},"in2DMode":false,"pivot":{"x":11.463092803955079,"y":3.561434268951416,"z":-2.0572502613067629},"rotation":{"x":0.17042632400989533,"y":-0.4668048024177551,"z":0.09219871461391449,"w":0.8628740310668945},"size":3.6179654598236086,"orthographic":false}