{"cameraMode":{"drawMode":0,"name":"Shaded","section":"Shading Mode"},"sceneLighting":false,"audioPlay":false,"sceneViewState":{"m_AlwaysRefresh":false,"showFog":true,"showSkybox":false,"showFlares":true,"showImageEffects":true,"showParticleSystems":true,"showVisualEffectGraphs":true,"m_FxEnabled":true},"in2DMode":false,"pivot":{"x":10.203971862792969,"y":0.8503124117851257,"z":16.557641983032228},"rotation":{"x":-0.13308165967464448,"y":-0.45941877365112307,"z":0.06992612779140473,"w":-0.8754619359970093},"size":3.2075183391571047,"orthographic":false}